listing_id,total_reviews,avg_rating
15060731,73,4.89
8.76E+17,1,5
13542720,5,5
8.26E+17,5,4.6
45495027,9,4.78
6072414,13,4.92
22670474,14,4.14
25476758,14,4.43
20675654,15,4.4
44832737,16,5
5.77E+17,16,4.63
30510623,18,4.44
22692174,26,4.31
20685727,28,4.54
32065918,37,4.78
21044104,37,4.57
22670776,47,4.28
21384208,49,4.53
21044056,54,4.56
21038479,82,4.54
21043913,94,4.51
16454685,392,4.94
6.84E+17,2,4.5
6.44E+17,8,5
20461027,12,4.42
48359588,54,4.74
46551522,76,4.95
46049905,107,4.92
46048362,121,4.96
25071659,182,4.82
26668219,3,5
7.12E+17,7,5
8.48E+17,10,4.9
47043132,12,4.75
8.79E+17,13,4.46
7.74E+17,14,5
21383659,16,4.38
52201387,28,4.79
11759609,41,4.95
6501477,49,4.92
29394566,60,4.95
31389662,95,4.58
20849583,102,4.79
48679512,126,4.67
49215258,130,4.95
19642299,156,4.98
21788048,163,4.91
45756100,184,4.99
28895568,206,4.8
20166365,446,4.86
7.25E+17,1,5
45670909,1,5
49615874,1,5
49611274,1,5
44211888,2,5
5.50E+17,2,3
16413243,3,5
18189814,3,5
8.79E+17,4,4
44134766,6,5
20028213,10,4.67
1075426,10,4.2
23527224,14,4.92
18359146,18,4.94
45670073,19,4.79
5.89E+17,19,4.95
8.37E+17,19,4.95
53509854,20,4.7
52163897,20,3.9
7.77E+17,21,4.95
54376826,23,4.91
5.67E+17,24,4.63
52001607,24,4.96
46513626,25,5
11970099,27,4.96
13494833,27,4.85
7.75E+17,28,4.75
53559268,30,5
13894976,31,4.97
5026926,37,4.92
50694792,40,4.98
14333797,40,4.8
15805076,43,4.83
6.04E+17,52,4.83
54039531,56,4.93
6.22E+17,57,4.86
39809926,59,4.92
25326610,61,4.57
53919426,62,4.9
32464624,63,4.95
7076206,64,4.72
33721595,69,4.99
48383542,86,4.66
5.67E+17,91,4.91
6227307,95,4.93
6.15E+17,97,4.95
46435428,99,4.94
16413061,100,4.98
51542353,108,4.86
37289643,117,4.91
43479699,119,4.76
47031108,125,4.72
33972170,129,4.95
9215039,131,4.91
9283035,135,4.86
5.83E+17,140,4.98
36341382,181,4.89
25977017,211,4.92
13491888,219,4.84
20213058,312,4.87
2361802,346,4.89
453159,374,4.91
7181782,462,4.5
9156290,559,4.76
9727618,1,5
5.80E+17,1,2
7.50E+17,1,5
8.84E+17,1,5
7.34E+17,1,4
8.84E+17,1,5
8.98E+17,1,5
49615870,1,4
45671786,1,5
53062687,1,4
8.35E+17,2,5
13342086,2,0
46193587,2,4
21436504,2,5
44207617,3,5
47200180,3,4.67
50903143,3,4.67
13112324,3,4.67
39596942,3,5
16959752,4,5
8.43E+17,5,4.6
14108883,6,4.67
6.25E+17,6,4.83
4841217,7,5
53150537,7,4.71
8.07E+17,7,4.57
52407058,8,5
46778196,9,5
45118225,9,5
12866552,9,4.67
44207610,9,4.67
12850682,11,5
45726862,11,4.55
7.41E+17,11,4.18
44433757,11,4.82
44207611,12,5
48300497,13,4.31
2889743,15,4.73
53173706,17,4.94
7.91E+17,18,4.89
6.98E+17,20,4.8
47134889,20,4.7
7.91E+17,20,4.8
8.26E+17,21,5
53316396,21,4.81
51599456,24,4.58
48179886,24,4.75
8.06E+17,24,5
11553508,25,4.76
2060129,25,4.88
40608158,25,4.88
1997483,26,4.85
42318051,26,4.69
46598276,26,4.96
52898793,27,4.85
52994570,27,4.78
53570414,29,4.59
12866878,29,4.9
7.74E+17,30,4.83
51652582,31,4.65
4580159,31,4.97
4978657,32,4.94
37253675,32,4.9
43465858,34,4.91
30981199,35,4.66
6.62E+17,36,4.92
5.44E+17,38,5
41929080,38,4.92
6569449,40,4.9
16052295,41,4.98
15248451,42,5
5.77E+17,42,4.69
42459578,43,5
6.00E+17,44,4.59
6.43E+17,44,4.91
50935433,45,4.98
41656697,45,4.91
6.05E+17,46,4.93
13078902,47,4.89
54023049,47,4.94
42929391,47,4.83
6.33E+17,48,4.96
12399984,49,4.84
54094540,50,4.96
6.48E+17,52,4.87
37179549,53,4.98
7930288,53,4.89
6.08E+17,53,4.89
49425663,55,4.67
5.72E+17,55,4.91
11371592,55,4.87
12152132,55,4.78
15817486,55,4.7
49481871,56,4.93
10543985,59,4.78
5.73E+17,61,4.87
51170066,63,4.63
53895342,63,4.97
53154583,64,4.84
47286904,65,4.98
5.47E+17,65,4.92
4579903,65,4.77
53227047,66,4.91
6.48E+17,68,4.94
47236322,68,4.81
2476761,70,4.91
52003587,71,5
49425664,71,4.76
26940356,72,4.82
22448594,72,4.9
10544363,74,4.86
33076387,75,4.9
41377434,78,4.86
43186270,79,4.59
10066573,79,4.89
6.59E+17,80,4.93
5.56E+17,82,4.93
50223391,83,4.88
29942074,83,4.71
45177682,86,4.94
49424718,88,4.99
52754210,89,4.7
54296485,91,4.8
9113304,92,4.87
42090210,92,4.95
7220755,95,4.53
46049801,97,4.95
53413141,97,4.94
24797782,99,4.94
46507680,100,4.97
53657060,100,4.88
37181831,102,4.97
43868902,102,4.98
35336448,110,4.91
43186909,113,4.68
43884836,116,4.94
37821696,116,4.89
42046602,117,4.97
52992636,117,4.97
41342070,119,4.95
46049581,134,4.93
31239094,143,4.94
34243546,144,4.89
28606289,149,4.97
49929890,150,4.97
19405358,156,4.92
29122757,160,4.97
16701782,161,4.88
35161686,161,4.95
36282039,164,4.77
3635540,167,4.91
26998386,168,4.91
42768807,169,4.88
30090744,187,4.91
27705648,199,4.88
29151289,201,4.93
20769447,224,4.93
27190553,228,4.68
35741692,232,4.96
31986507,236,4.82
5801793,236,4.85
16284856,238,4.97
18471909,243,4.84
4645378,247,4.97
26895761,249,4.89
19503298,251,4.89
525672,253,4.86
15985071,260,4.88
32168514,261,4.8
382111,268,4.79
16589585,299,4.89
13622959,302,4.85
11126528,322,4.98
12423375,322,4.97
2277705,345,4.87
30115570,354,4.9
16882568,442,4.98
4055607,448,4.9
10526371,490,4.96
3103276,600,4.89
6690084,1,4
16576444,1,5
8.84E+17,1,5
8.76E+17,1,5
8.84E+17,1,5
8.84E+17,1,5
45657024,1,5
45669735,1,5
8.84E+17,1,5
8.94E+17,1,3
43124008,1,4
5.88E+17,1,5
11031634,1,5
6133291,1,5
39755135,1,4
7.20E+17,2,4.5
47074315,2,5
3674676,2,5
6.61E+17,2,4
31388922,2,5
51328356,2,5
20722572,2,5
31332079,2,5
8.84E+17,4,4.75
8.34E+17,4,5
45719672,4,5
49671219,4,5
8.75E+17,5,4.6
9660463,6,4.83
18868200,6,5
49013551,6,4.5
33772102,7,4.57
51280194,7,5
6.17E+17,7,5
53509301,8,5
48300551,8,4.75
34859597,9,4.56
12581800,10,5
5.41E+17,11,4.91
8.31E+17,11,4.91
19018633,13,4.92
4635196,15,4.5
45673093,15,4.8
47852874,15,4.87
37431165,15,4.93
53356279,15,4.8
14331755,16,4.86
30557727,16,4.63
54103533,17,4.94
871825,18,4.83
15744305,18,5
48572918,18,4.67
21680495,18,4.56
34421731,19,4.95
44533310,20,4.95
6.61E+17,20,5
9473056,21,4.95
32763621,22,4.82
46646458,22,5
47991451,23,4.26
7.36E+17,24,4.71
12513824,26,4.81
52778681,26,5
43186585,27,4.81
16757351,28,4.82
542144,31,4.9
5.62E+17,34,4.97
49089210,34,4.38
22325323,34,4.94
5.70E+17,35,5
20347049,36,5
16704758,37,4.73
50433453,38,4.84
6.32E+17,39,4.97
36488009,42,4.95
52949076,43,4.93
26669063,44,4.73
51818199,45,4.98
8347485,45,4.95
16179637,45,4.91
12400338,46,4.59
46835835,48,4.88
50189233,49,4.78
36972948,50,4.84
22513442,52,4.88
30561986,52,4.44
4197,53,4.84
10543751,55,4.96
46731252,55,5
22139377,55,4.96
26956333,58,4.43
36705115,59,4.93
6.35E+17,59,4.95
5.63E+17,60,4.73
16678182,65,5
48402694,66,4.65
25475308,66,4.56
17846412,67,4.93
16018100,68,4.81
21753674,74,4.93
11714338,78,4.88
43186713,80,4.75
43982311,80,4.95
37881373,81,4.84
52991846,84,4.81
10405545,85,4.89
52802036,85,4.89
32919163,85,4.94
1806338,86,4.86
20358943,89,4.83
52069671,89,4.89
16335709,96,4.74
16795499,97,4.92
9624481,97,4.84
53187754,98,4.91
29853236,100,4.67
33008668,101,4.96
3806145,104,4.93
43059320,104,4.9
4416095,104,4.85
53834887,107,5
42037592,107,4.93
44559749,111,4.9
15937364,111,4.93
11809415,112,4.94
38321510,113,4.96
4848799,116,4.86
36909059,123,4.97
2690487,127,4.7
10551108,129,4.91
38266236,130,4.98
6133914,134,5
15665231,135,4.93
1880860,143,4.37
37421005,148,4.97
6836332,151,4.64
355527,152,4.78
22825478,153,4.82
24371327,160,4.82
44206370,169,4.96
12784285,172,4.91
20773444,183,4.68
19388832,193,4.94
13492207,203,4.7
15218873,204,4.96
9094563,206,4.97
15552233,211,4.89
17840858,218,4.95
46453457,237,4.95
15522091,244,4.9
21122879,284,4.99
25101761,288,4.99
18746031,294,4.95
11183754,297,4.95
20138796,306,5
14944917,307,4.89
18853536,324,4.87
38478357,363,4.99
6832557,366,4.87
24773385,370,4.78
39726649,381,4.94
10626368,402,4.86
12253009,491,4.93
4801046,546,4.92
409582,578,4.88
2791050,609,4.93
30037994,115,4.92
26253393,155,4.77
19641640,10,5
8.06E+17,13,4.62
8.24E+17,18,4.78
43159768,54,4.76
51303738,98,4.83
1761677,125,4.94
8581470,129,4.7
43346847,11,4.82
8.27E+17,12,4.75
7.60E+17,16,4.88
7.16E+17,18,4.72
53166511,21,4.62
18387961,24,4.43
45548365,31,4.58
883653,35,4.91
52516874,36,4.81
17761010,45,4.91
8710450,65,5
6.22E+17,71,4.82
50655982,72,4.5
46372191,2,4
8.72E+17,2,5
7.85E+17,3,5
18633212,4,5
6.95E+17,4,5
8.93E+17,5,4.8
8.73E+17,5,4.8
8.00E+17,6,4.83
7.45E+17,7,5
36117442,10,3.9
27991634,11,5
53494379,13,4.54
36117343,16,4.25
36117208,23,4.3
54016319,30,4.97
46418162,31,4.84
52391269,38,4.74
2919216,65,4.68
17131099,67,4.7
17589398,90,4.69
51350499,91,4.8
18691537,92,4.57
42590098,111,4.87
50695713,112,4.76
13616522,142,4.84
10436526,286,4.88
17078088,325,4.83
36801219,360,4.85
8.82E+17,1,5
9.05E+17,1,1
53364086,1,2
7.16E+17,1,5
7.75E+17,2,3.5
8.92E+17,3,4.67
53683540,4,4.5
50874395,4,5
35991621,5,4.8
7.83E+17,6,4.33
50683029,6,4.67
28160365,6,4.67
7.86E+17,7,4.71
7.86E+17,8,4.38
8.19E+17,8,4.75
8.32E+17,9,4.89
52498920,10,5
20361292,11,5
7.79E+17,12,4.08
49962519,13,5
7.74E+17,14,4.79
8.80E+17,16,4
6.30E+17,16,4.88
14981562,16,4.31
5.88E+17,17,5
45432706,17,4.94
30711356,17,4.71
52132867,23,4.87
32270141,28,4.96
6.35E+17,31,4.87
6.61E+17,34,4.91
50920850,38,4.97
8419348,43,4.47
50751282,49,4.9
5.99E+17,50,4.88
52844704,52,4.85
53472771,53,4.74
9012148,56,4.48
6.70E+17,68,4.91
16647588,71,4.9
25487660,79,4.65
48265849,87,4.92
45993222,96,4.83
29236747,99,4.9
27962382,107,4.83
2259215,164,4.4
35316303,186,4.9
15397701,200,4.84
41481671,228,4.95
3810218,229,4.9
16140977,295,4.72
4634946,302,4.86
4408378,417,4.88
1789722,423,4.9
1488282,494,4.75
20605356,1,5
8.75E+17,1,5
8.95E+17,1,5
35454316,1,4
53336135,2,4.5
50437536,2,5
8.49E+17,3,5
9697108,3,4.33
47942586,3,5
8.59E+17,4,5
51393257,4,4.5
8.07E+17,5,4.8
42867623,5,4.2
9694072,5,4.6
28137320,6,4.33
5.60E+17,6,4.17
21141774,6,4.8
17007485,8,5
8.57E+17,9,4.33
8.79E+17,9,4.33
49887651,9,4
16530141,10,4.89
35843844,10,4.6
7.35E+17,10,4.3
50950236,10,4.9
28227027,11,4.82
10115427,11,5
22923604,11,5
53665983,11,4.82
8.46E+17,12,4.75
7.30E+17,13,4.77
8.50E+17,13,4.62
7982044,13,4.77
39322009,14,4.64
7.29E+17,14,4.71
27937041,14,4.93
22566196,14,4.29
6.28E+17,15,4.87
16309028,15,4.64
6.25E+17,15,4.93
1865861,16,4.92
44869358,16,4.94
7.99E+17,17,4.29
16415389,17,4.71
7.95E+17,18,4.72
8.06E+17,18,4.72
5.99E+17,19,4.95
2468252,19,4.79
35480065,20,4.68
8.04E+17,21,4.95
29804690,22,4.95
54241958,22,4.95
7.66E+17,22,4.77
50549572,22,4.95
45599687,25,4.84
7.01E+17,28,4.71
50877560,30,4.93
1407284,30,4.43
8424836,33,4.55
52790225,33,4.97
14027788,33,5
17619774,33,4.58
7.12E+17,34,4.85
7.73E+17,34,4.94
8404345,35,4.51
13744,35,4.85
7.34E+17,36,4.89
4758676,36,4.75
41326764,38,4
6.03E+17,38,4.87
6.31E+17,39,4.92
5.61E+17,39,4.95
6103261,42,4.76
46545564,45,4.91
52350320,48,4.94
49061918,49,4.96
31824956,51,4.94
6.60E+17,52,4.88
8300958,54,4.54
9551164,54,4.66
52384704,54,4.96
48334124,57,4.95
39156460,57,4.86
15206984,59,4.49
17172878,62,4.66
6.03E+17,63,4.98
17588084,63,4.7
46835011,66,4.85
38869884,67,4.96
6.33E+17,67,4.94
46453167,68,4.88
17419427,68,4.76
34594785,69,4.35
42199762,72,4.82
48975990,73,4.78
17695736,74,4.66
17620806,75,4.36
17172606,77,4.6
46615344,81,4.93
35649783,90,4.87
47008879,90,4.92
54260157,93,4.98
32953300,100,4.88
50574502,101,4.92
5.35E+17,102,4.9
24668757,105,4.8
40706032,105,4.76
7245977,108,4.79
19074623,114,4.81
46738044,118,4.75
4085972,126,4.41
15165917,129,4.36
17830430,133,4.52
33882534,133,4.71
33522560,141,4.96
45866645,143,4.9
10788926,145,4.92
2257488,148,4.42
32815444,172,4.83
31708124,176,4.91
1537822,180,4.89
15523073,181,4.92
22048871,183,4.84
17171614,183,4.54
16710435,186,4.96
18033145,187,4.67
22496638,191,4.92
26812495,194,4.84
48851573,202,4.9
18913122,206,4.81
23139332,209,4.75
25032515,221,4.92
29771907,223,4.95
14685847,236,4.9
16497765,237,4.83
22300841,251,4.92
16200955,265,4.85
19769087,284,4.88
21456367,289,4.83
3175218,309,4.95
17944042,318,4.99
7744854,343,4.78
12794738,369,4.93
19011416,399,4.97
4301665,422,4.85
18023259,439,4.74
16453579,1,5
6004138,1,5
6.40E+17,1,5
8.29E+17,1,1
50063025,1,4
8.88E+17,1,4
21756049,1,0
16628982,1,5
49790366,1,5
49590808,1,4
7.19E+17,1,4
38509835,1,5
7.20E+17,1,4
13913413,1,4
8.92E+17,2,5
46293888,2,5
31384462,2,5
44483573,2,4
7.21E+17,2,5
22265652,2,4.5
45424729,2,4.5
15217220,3,0
8.96E+17,4,5
15357947,4,5
20780000,4,5
22731835,4,3.75
22953793,4,4.5
47137342,4,5
46356120,5,5
36945683,6,4.83
660514,6,4.2
20303609,7,4.67
40491514,7,4.86
41858298,7,4.57
35915972,7,5
51184324,8,5
37298554,8,4.13
13788425,9,4.78
39362772,9,4.67
31741258,9,5
51101021,10,4.7
48172430,10,4.9
28242044,10,4.33
5.60E+17,11,4.64
16376614,11,4.6
6327064,11,4.3
52140412,12,4.58
12643387,12,5
33517319,12,4.33
52629128,13,4.92
11544564,13,4.58
38356056,13,4.62
23584521,14,4.69
26108745,14,4.57
26231144,14,4.5
7.80E+17,15,4.53
1484387,16,4.69
21265927,16,4.94
888029,16,4.5
41258738,17,4.94
41853446,17,4.65
13764058,20,4.85
49080071,21,4.62
12935921,21,4.95
35095359,21,4.62
8072054,22,4.41
7.88E+17,22,5
8.29E+17,22,4.91
37493632,24,4.92
39321498,25,4.56
50515002,25,4.6
16415014,25,4.96
7.17E+17,26,4.81
723716,26,4.54
32846587,26,4.65
32104084,28,5
37833461,30,4.93
7.09E+17,31,4.87
39485961,33,4.45
7.47E+17,34,4.94
31161347,36,4.8
50320058,37,5
27932589,37,4.95
23881282,37,4.94
52845562,38,4.97
8616083,38,4.89
24376933,39,4.77
28316665,40,4.55
2318183,41,4.88
45549299,42,4.86
8488518,42,4.79
48268708,44,5
45190034,46,4.98
44410630,46,4.7
19082321,48,4.98
24728111,48,4.65
38978425,50,4.92
38581209,52,4.69
25231412,52,4.94
20422457,52,4.85
19085033,55,4.91
18370655,55,4.67
2874685,57,4.43
6.31E+17,58,4.72
50137730,59,4.15
2257433,60,4.62
45959718,61,4.44
13524358,63,4.75
21062208,63,4.77
44410205,63,4.7
13992113,71,4.59
33516751,75,4.63
32870364,79,4.89
17748684,79,4.95
23478836,84,4.72
24755870,90,4.96
15914701,96,4.3
22583236,99,4.8
17248804,101,4.4
15326344,102,4.71
17620157,104,4.53
21325478,110,4.66
16755291,118,4.97
40431665,121,4.8
27148863,121,4.97
46713309,122,4.7
22595540,122,4.85
24534127,125,4.96
18509858,127,4.61
17662150,134,4.87
556729,136,4.48
24623980,138,4.75
21885282,139,4.58
2538828,144,4.86
16256111,150,4.86
30812242,153,4.97
28692012,154,4.4
15209243,154,4.67
24775374,157,4.92
18254897,159,4.87
18281120,160,4.82
67483,162,4.5
14322493,162,4.6
38045795,165,4.7
24034008,175,4.48
33802424,181,4.76
12926545,187,4.95
12916338,217,4.79
16544141,218,4.82
22784246,223,4.6
49660033,236,4.86
31570396,244,4.98
49660212,249,4.78
5847593,264,4.81
14086586,275,4.95
23522812,295,4.93
21134013,298,4.81
14233774,303,4.82
11599968,304,4.79
9116972,323,4.53
21962401,345,4.52
19381762,368,4.91
17979497,459,4.86
16465485,481,4.94
5780038,597,4.93
19479297,214,4.86
6.30E+17,1,5
49254493,4,4.5
7.61E+17,10,4.8
40950797,16,4.63
37091216,17,4.81
32423694,62,4.87
54370996,1,4
54371068,2,5
54371154,2,5
16352310,6,5
47230845,13,4.54
16323750,21,4.86
5145487,64,4.3
18433862,77,4.7
49550853,112,4.58
30775571,137,4.88
6.45E+17,1,5
41993155,1,5
22653398,1,4
6.50E+17,1,5
15251965,1,5
20895152,1,3
48948711,1,5
49516381,1,5
25135916,1,5
22633496,1,5
38156682,1,5
35900656,1,4
8.03E+17,1,5
7931456,2,4
7629788,2,3.5
49517485,3,4.33
15252636,3,3.33
4092017,3,4.67
6968949,3,5
12446479,3,3.33
8.85E+17,3,4.67
15253221,4,4.5
49589230,4,4.5
52687552,4,5
8.85E+17,4,4.5
15264519,5,4.4
22372488,6,3.83
34023379,6,4.83
20743970,6,5
34510493,7,4.71
42222012,9,4.22
10021958,10,4.3
10059646,10,4.8
4447266,10,4.9
40950812,11,4.64
22653176,12,4.67
40961021,12,4.08
10021464,14,4.93
2371799,14,4.79
16300909,15,4.85
1864715,16,4.88
41024183,16,4.38
9954831,17,4.53
13390535,17,4.29
23759196,17,4.82
6969950,18,4.44
16361327,18,4.56
5.87E+17,18,4.94
10059402,21,4.9
40029212,24,4.54
5.48E+17,25,4.32
1867513,26,4.76
50676686,26,4.96
6.65E+17,26,4.42
51650242,28,4.96
16676204,30,4.9
7725828,30,4.27
6.88E+17,31,4.84
22372846,35,4.29
50593806,37,4.65
6.91E+17,41,4.66
42518842,46,4.87
10021714,68,4.84
27579183,72,4.88
6027248,73,4.47
15980497,76,4.88
31236410,86,4.93
50356121,93,4.86
21729336,95,4.77
19025023,104,4.9
25239060,120,4.87
51121876,121,4.89
13207086,157,4.88
15522419,286,4.9
16427431,1,0
41992970,1,5
28679737,1,5
42964787,1,5
41875412,1,5
30395396,1,5
42108852,1,5
6.09E+17,1,5
40305227,1,5
43888344,1,4
49847814,1,5
24651395,1,5
33633909,1,5
48427765,1,5
39551431,1,2
53636647,1,5
16239379,1,5
7.79E+17,1,5
7.90E+17,1,5
41993096,2,5
52056321,2,4.5
6.19E+17,2,4.5
5.99E+17,2,5
8.84E+17,2,5
8.85E+17,2,4.5
42033815,2,5
41876638,2,5
14421376,2,5
28346249,2,5
21711623,2,5
14148096,2,5
8.84E+17,3,4.33
16583485,3,5
12869982,3,4.5
52056320,4,5
8.84E+17,4,4.75
20302085,4,5
20277898,4,4.75
4860800,4,3
40721023,5,4.6
8.85E+17,7,4.86
18975927,7,4.71
22075568,15,4.6
40786381,16,4.63
16545332,16,4.81
23102166,16,4.75
29183117,19,3.93
34757739,19,4.89
38711311,25,4.72
16525202,34,5
12223526,35,4.94
5.62E+17,39,5
6.91E+17,62,4.74
6.46E+17,68,4.74
842418,69,4.78
14520972,70,4.63
12289125,84,4.68
50117482,100,4.46
22573620,129,4.64
4427874,170,4.55
22392135,249,4.85
19508480,264,4.9
4204367,270,4.54
2477330,302,4.5
20124890,324,4.93
49254492,354,4.76
7.48E+17,26,5
7.78E+17,28,5
6.35E+17,31,5
16869795,52,4.94
50875966,3,4.33
11851356,20,5
7559867,381,4.93
50875772,4,4.75
8.47E+17,6,5
38915618,13,4.54
30179598,21,4.79
6.80E+17,26,4.65
15554376,26,4.77
19231140,30,4.83
15655208,35,4.83
28738052,54,4.74
51922422,59,4.71
48940186,80,4.93
28646312,113,4.97
27813807,125,4.54
28257191,191,4.79
20403766,231,4.76
20192249,238,4.65
7.78E+17,1,5
46419136,1,3
40212701,1,5
46419150,2,5
53953956,2,5
46419342,2,5
46451098,5,5
49371148,18,4.72
306465,19,4.56
7.36E+17,20,4.65
35717206,20,5
7.48E+17,21,4.95
30378859,29,4.9
5.95E+17,32,4.84
51987458,33,4.64
51987731,39,4.44
5.81E+17,40,4.9
49571052,63,4.79
296196,70,4.89
997859,94,4.83
45938605,111,4.75
27812605,114,4.49
44998059,115,4.75
36608550,124,4.78
45898477,129,4.85
49670688,139,4.94
45623851,181,4.82
38133336,206,4.8
1092713,430,4.58
8.84E+17,1,5
53145578,1,5
46487882,1,4
6.43E+17,1,5
52878079,1,5
46472709,1,4
7.75E+17,1,4
7.87E+17,1,5
6.15E+17,1,5
7.23E+17,2,4.5
50733128,2,5
46472727,2,4
27491163,2,5
46628220,2,5
8.84E+17,3,5
19457942,3,5
8.78E+17,4,5
5.90E+17,4,4.75
20808151,5,5
51323093,5,5
46419132,5,4.8
46472744,5,4.2
7.34E+17,6,4.83
16828556,6,4.8
40373899,7,4.71
50941983,7,4.86
5.72E+17,8,5
25950556,8,4.88
44597062,9,5
46472708,9,4.33
50844635,10,4.8
8.52E+17,10,5
29518918,10,4.9
46819326,10,5
50303269,11,4.82
49760565,12,4.42
6.24E+17,13,4.85
46546172,13,4.77
12927810,13,4.38
46694180,15,4.6
32082459,17,5
53277515,18,4.72
52548082,19,4.89
7.86E+17,20,4.65
6.41E+17,22,5
6.33E+17,29,4.86
26805068,32,4.69
22807715,36,4.81
7599680,39,4.53
46376464,41,4.76
17655720,41,4.49
16767868,42,4.9
30178288,42,4.98
1301928,45,4.42
6.34E+17,45,4.71
53741239,46,4.8
47422629,49,4.73
15483564,49,4.96
5.98E+17,66,4.71
24754002,67,4.99
42016076,74,5
5076606,75,4.61
48628620,77,4.74
5.30E+17,79,4.85
43478560,81,4.72
48381544,86,4.65
48628629,87,4.47
30324130,90,4.72
53941334,94,4.82
33718308,95,4.73
50189968,101,5
48628626,102,4.46
46875064,103,4.82
33856921,104,4.78
13748008,106,4.8
40612056,113,4.82
32358982,116,4.56
49710453,118,4.97
47907049,120,4.71
49638218,120,4.83
50329912,121,4.88
45877546,124,4.75
47584906,130,4.89
33277348,133,4.9
25137893,137,4.82
21695571,144,4.94
32492651,146,4.93
38104981,153,4.7
33469877,154,4.79
18409075,157,4.9
38104114,171,4.63
9363284,185,4.84
22633189,204,4.96
21305912,228,4.96
17964221,269,4.75
13313002,293,4.94
17964535,297,4.79
2694647,392,4.72
14805243,415,4.92
860336,504,4.73
4284144,505,4.74
5.72E+17,1,5
8.84E+17,1,5
19637156,1,3
53580223,1,5
36018580,1,4
50189970,1,1
50064134,1,5
48862420,1,5
24404499,1,5
46376799,1,5
8.95E+17,1,5
46414810,1,5
51186640,1,4
50082659,1,4
13959404,1,0
30016962,1,5
7.87E+17,1,5
7.81E+17,1,2
15155205,1,5
40162430,1,4
23539251,1,5
52240404,2,4.5
8.34E+17,2,4.5
8.97E+17,2,4
8.84E+17,2,5
5.85E+17,2,5
46488187,2,4.5
6.64E+17,2,5
47160436,2,4.5
52878311,2,5
21120222,3,5
35224647,3,4
48603452,3,5
19526445,3,5
48698426,3,5
15176149,3,5
52935936,4,5
8.85E+17,4,4.5
35225006,4,3.5
47052488,4,4.75
35224697,4,4.25
51310221,4,5
26101337,4,2.75
29775784,4,5
20842495,4,4.75
46529906,5,5
8.48E+17,5,4.8
46861924,5,5
6.23E+17,5,4.4
53362379,5,4.6
36027092,6,4.67
35068620,6,4.83
52861739,6,4.33
14360838,6,4.83
31099388,6,4.33
48697906,6,4.67
46120474,6,4.83
7.71E+17,7,5
28989507,7,4.86
27263226,7,5
16423741,9,4.25
46106600,9,4.78
17464583,9,4.71
2115421,9,4.67
43767651,10,4.9
2304761,10,4.78
7.49E+17,11,4.82
8.14E+17,11,4.91
28563385,11,4.64
51085180,11,4.91
33360028,11,4.82
30952933,12,4.92
35309607,12,4.7
16703018,12,4.5
32308418,13,4.77
43481170,14,5
11848786,14,4.71
12219364,14,4.77
44521751,14,5
52518334,15,4.2
22618081,16,4.81
22635161,16,4.69
7.20E+17,17,4.82
4343926,17,4.76
20253006,18,4.89
11911646,18,4.83
4022565,18,4.56
2964999,19,4.74
52878265,20,4.6
4218583,20,4.6
23925940,20,4.95
4411488,21,4.33
7599768,21,4.86
49362172,22,4.64
5.49E+17,22,4.59
801699,24,4.91
46696105,25,4.68
8165340,27,4.7
48713100,28,4.86
48080819,29,4.72
150109,31,4.83
49509893,32,4.94
21282511,34,4.74
6.34E+17,34,4.91
46696132,35,4.8
48832169,36,4.83
26571232,38,4.7
7.07E+17,41,4.63
4359352,44,4.88
50417461,48,4.94
47160427,48,4.71
4622571,48,4.91
48628618,48,4.58
40900667,49,4.55
52239871,51,4.16
10343356,51,4.96
47052036,53,4.62
3907276,53,4.87
52239878,55,4.49
35579189,55,4.42
52496361,60,4.93
19115559,61,4.87
43676905,64,4.58
6.59E+17,68,5
20607002,70,4.8
51975989,71,5
7452083,71,4.96
21642372,72,4.99
37834451,72,4.78
33997170,75,4.73
48710238,75,4.79
39752076,78,4.68
6.00E+17,86,4.81
6.03E+17,86,4.93
45450156,87,4.85
23034323,87,4.94
6.09E+17,88,4.8
49550796,92,4.71
2263350,93,4.65
18313435,94,4.73
5.91E+17,99,4.19
41298255,99,4.38
8646332,99,4.8
16825256,99,4.76
52987235,104,4.89
48973758,104,4.67
47962755,106,4.93
18826674,110,4.78
36258139,110,4.65
563607,113,4.76
52939714,115,4.83
53957479,115,4.95
53958255,115,4.96
53958894,119,4.92
52240980,120,4.48
5089725,123,4.85
36257592,124,4.85
39604044,127,4.33
18313133,129,4.81
1571112,134,4.94
33096397,152,4.93
43676822,152,4.71
33276776,154,4.88
30101500,165,4.91
35201832,170,4.91
3861766,176,4.93
8646530,177,4.85
5.91E+17,185,4.36
33277098,186,4.79
7800582,202,4.79
15343995,216,4.87
41528513,238,4.81
23464005,241,4.63
36260091,244,4.65
9171118,254,4.92
26579917,263,4.91
8363399,338,4.77
18598439,371,4.78
4083095,384,4.9
18288362,390,4.77
16405079,397,4.71
2346018,410,4.57
52240462,421,4.44
12865283,432,4.88
18949151,443,4.8
19142630,472,4.82
53556450,18,4.67
9318555,104,4.6
54353625,110,4.96
4936102,7,4.86
8933705,64,4.62
27466057,150,4.77
37303418,215,4.98
20049395,238,4.88
6.72E+17,2,5
8.83E+17,2,3.5
8.40E+17,5,4.4
6.66E+17,6,5
49692169,7,4.86
8606256,10,4.89
7.82E+17,13,5
53172204,35,5
29923648,39,5
24936527,74,4.68
19093209,82,4.48
21135212,95,4.67
42776834,99,4.55
37299481,161,5
4417414,1,5
49838391,1,5
39194624,1,0
12902944,1,4
6.44E+17,1,5
8.88E+17,2,5
5.85E+17,3,5
44004664,4,5
18422244,5,3.2
7.02E+17,7,4.86
28581396,7,4.33
21869442,9,4.78
627758,12,4.58
52382557,27,4.81
5.78E+17,31,4.68
41498029,60,4.75
45076831,65,4.83
13096118,78,4.73
6.67E+17,80,4.96
6.85E+17,86,4.9
6.64E+17,91,4.89
6.64E+17,102,4.85
2308259,130,4.73
53939227,132,4.55
39445808,159,4.81
47338049,205,4.86
27631877,207,4.95
30798257,252,4.91
33830823,324,4.82
35343181,341,4.81
30325364,359,4.56
6.14E+17,1,5
4468741,1,5
47312241,2,5
52188587,2,5
8.12E+17,2,5
43375153,2,5
7.01E+17,4,2
37456647,4,5
8.36E+17,6,4.67
25882830,6,5
16286331,7,4.57
53290703,8,4.88
8.36E+17,8,4.75
54054615,10,4.2
46488085,10,4.9
654835,14,4.62
7.85E+17,22,5
41612888,25,4.25
53939398,28,4.68
16811541,28,5
25629848,29,5
5.70E+17,32,5
53939485,35,4.43
7.55E+17,38,4.89
7.09E+17,39,4.72
6.65E+17,41,4.76
27723741,43,4.58
5372128,53,4.47
52382433,54,4.87
7.08E+17,61,4.95
2685655,64,4.78
46529527,66,4.62
53557825,68,4.9
50499105,77,4.95
6.63E+17,78,4.85
2241084,97,4.9
16343789,121,4.69
26605048,133,4.89
15658197,135,4.7
53939672,160,4.41
38385816,170,4.68
34449825,178,4.97
6438519,187,4.87
53939250,192,4.56
4325533,193,4.81
5318112,194,4.87
50092809,200,4.73
17593445,232,4.85
17784595,237,4.97
9973170,242,4.96
26786454,245,4.96
19872890,264,4.92
3651862,272,4.85
30394567,443,4.87
8.83E+17,1,5
6.14E+17,1,5
8.84E+17,1,5
16204459,1,5
6674537,1,4
46470715,1,3
42870950,1,5
5.94E+17,2,5
48920550,2,5
53200199,2,1.5
16285755,3,4.67
16285598,4,5
16285366,5,4.8
16218083,7,4.43
16286156,7,4.71
638604,7,3.29
53937890,10,4.7
16174330,12,4.83
16202179,13,4.85
28584343,13,4.23
28584255,16,4.5
17303429,17,4.75
4924193,17,5
7.03E+17,18,5
53938276,23,4.04
6.74E+17,24,5
326938,25,4.8
6.88E+17,33,4.88
6.70E+17,47,4.94
52382504,49,4.76
18811872,52,4.88
6.59E+17,58,4.93
7660850,59,4.86
11105778,65,4.88
6.05E+17,66,5
18669853,79,4.75
5.54E+17,85,4.74
3997598,91,4.79
50545033,96,4.94
53939232,108,4.52
51667347,113,4.85
5903980,114,4.98
20166874,139,4.53
11767916,148,4.82
16741874,149,4.79
13926632,182,4.65
17234433,188,4.66
8645356,194,4.82
20438692,221,4.88
8645554,228,4.82
47992072,232,4.74
8645700,236,4.76
20437717,241,4.85
17044362,252,4.98
7801335,253,4.76
5166322,420,4.88
5075773,459,4.85
7.63E+17,19,5
9430567,58,4.74
6.65E+17,50,4.88
8.83E+17,1,2
49519591,48,4.75
5.82E+17,54,4.89
5239084,92,4.87
45721067,3,5
53908710,4,4.5
23717829,14,4.79
44406768,16,4.88
7.59E+17,22,4.59
23076529,24,4.83
16162225,47,5
6.14E+17,56,4.79
51923187,61,4.74
36259395,154,4.73
2551952,158,4.97
31809354,243,4.96
794213,279,4.59
24771408,309,4.64
24771697,442,4.53
42403468,1,5
54399394,1,5
48564277,2,5
8.83E+17,3,5
35225056,3,3.67
31599341,5,4.6
42256081,10,4.2
3011894,13,4.92
42255732,17,4.53
24376463,20,4.45
20957404,21,4.75
9920493,27,4.36
7.78E+17,41,4.71
52563901,45,4.98
6.59E+17,46,4.57
24656817,46,4.96
1778080,66,4.46
36930675,68,4.79
8206306,68,4.47
47392078,73,4.93
37018830,90,4.93
50030333,91,4.84
62122,122,4.85
889302,126,4.74
14117917,139,4.76
11168876,153,4.88
16635517,175,4.98
50285306,182,4.71
18566562,186,4.82
13417691,199,4.92
17733797,200,4.95
22077110,221,4.72
14865465,240,4.77
17700270,271,4.77
33070034,300,4.73
24769267,313,4.67
4604357,336,4.85
24771122,357,4.67
28253557,400,4.97
37593447,1,5
37553802,1,5
44147355,1,3
42105576,1,4
42938744,1,5
42194513,1,2
42938773,1,5
43147860,1,5
6.28E+17,1,5
48231829,1,5
13030607,1,5
12433404,1,0
26296408,1,4
8.83E+17,1,5
8.16E+17,1,5
13153398,1,3
22342450,1,5
9410545,2,5
33587463,2,4.5
42532796,2,5
5.72E+17,2,4.5
32807714,2,5
37553551,3,5
17723426,3,5
37554297,4,4.75
47429290,4,5
8.85E+17,4,4
46472746,4,4.75
2501387,5,4.4
49900790,5,3.8
6.68E+17,5,4.6
46862752,5,4.8
15345702,5,4.8
16600553,5,4.8
27771577,6,5
16691141,6,4.67
13649140,6,4.83
20093002,6,5
12650953,8,5
34466500,9,5
8.83E+17,9,4.56
12634006,11,4.91
16309873,12,4.67
18569197,14,5
42251836,14,3.71
12324845,15,4.8
7438473,15,4.87
32087,16,4.86
49900745,18,4.56
3645740,18,4.88
9496542,19,4.93
8.00E+17,20,4.8
1688139,22,4.3
10418749,22,5
42255228,23,4.59
7.68E+17,29,4.34
37743958,29,4.52
41319051,31,4.77
15935211,34,4.79
3996972,38,4.92
32476053,38,4.95
53648674,44,5
6.57E+17,44,4.82
10368464,44,4.91
28757369,56,4.77
11087176,57,4.6
10311634,58,4.79
6431931,65,4.76
31953126,70,4.74
1641184,74,4.89
48628617,77,4.53
49900831,78,4.58
28109182,81,4.83
5051005,85,4.93
48628611,85,4.51
5589,95,4.54
51000373,99,4.78
27812793,105,4.74
36258704,108,4.74
13685445,113,4.88
30740961,123,4.81
36229440,124,4.72
35878322,132,4.8
36257002,133,4.72
30739818,139,4.83
43676824,178,4.65
19586234,183,4.55
1112617,188,4.81
14913168,192,4.84
46433753,219,4.99
22076921,225,4.54
32941255,246,4.98
48113885,273,4.31
40500030,320,4.93
25742193,363,4.69
20538744,542,4.95
17141233,604,4.79
14353375,614,4.7
25185724,66,4.56
25798423,96,4.88
40950779,5,3.8
17650262,60,4.93
29011049,101,4.94
8.15E+17,10,5
5.90E+17,18,5
50137065,25,4.44
48380683,62,4.95
14590973,90,4.55
27879405,143,4.66
25380396,147,4.93
892183,229,4.62
6881428,453,4.89
7.37E+17,13,4.85
6.83E+17,21,5
7.27E+17,21,4.95
6.19E+17,22,5
6.14E+17,24,4.83
14426998,31,4.8
14426673,37,4.84
6.89E+17,41,4.9
38800413,55,4.8
6.75E+17,62,5
21354341,66,4.89
19650280,68,4.47
16142893,72,4.83
40160080,129,4.98
14555537,169,4.92
5593096,286,4.76
9.02E+17,1,4
28836027,2,3.5
16864365,10,4.78
32341970,15,4.8
48298402,16,4.63
52809535,19,5
6.60E+17,21,4.86
7.60E+17,24,4.88
6333552,26,5
46419375,29,4.72
49594740,47,5
52436834,47,4.87
14886854,51,4.96
51583699,56,4.88
25474562,65,4.82
44519347,68,4.66
44465992,70,4.69
44998055,71,4.68
34644786,80,4.84
44998087,83,4.84
53862600,84,4.86
27220012,86,4.98
31338157,93,4.75
3898306,93,4.72
28863314,103,4.87
24941379,112,4.46
51602782,112,4.79
28960863,131,4.94
23972524,133,4.59
52583446,140,4.91
44702772,148,4.8
18547083,174,4.68
2516656,176,4.94
32613185,186,4.99
52092,196,4.35
15419112,197,4.91
19767321,199,4.87
45770135,228,4.96
8.76E+17,1,5
41575870,1,5
8.84E+17,1,5
8.84E+17,1,5
8.84E+17,1,5
8.17E+17,1,5
40471247,1,1
6.39E+17,1,5
8.41E+17,1,5
19507382,1,5
40950820,1,5
8.84E+17,2,5
48039578,2,5
26445685,2,4.5
48480522,2,3
14184210,2,5
53603351,2,3
8.85E+17,3,4.67
8.77E+17,3,4.67
8.41E+17,3,3.33
19823942,3,3.67
8.85E+17,5,5
48734014,5,3.2
48498928,5,4.4
8.68E+17,5,5
7.96E+17,5,4.4
8.26E+17,5,4.6
13697918,6,4
8.78E+17,6,4.5
41570712,6,4.83
16544641,7,4
48324388,7,3.86
40815014,8,5
7.19E+17,8,4.25
48253207,8,4.63
17025961,9,4.67
28125608,9,4.5
8.05E+17,10,4.5
48498997,10,4.7
16664148,10,4.8
46447349,12,4.83
8.05E+17,12,4.25
48420639,13,4.15
7.83E+17,13,5
5.99E+17,14,5
8.06E+17,15,4.93
52436715,17,4.59
45313686,17,4.94
7.34E+17,19,5
47949791,19,4.74
48754351,19,4.32
6.75E+17,20,4.8
53843598,20,4.55
48267834,20,4.3
5.68E+17,22,4.64
52436840,23,4.65
52436766,23,4.57
5.90E+17,24,4.08
13698365,24,4.63
48622303,24,4.63
6.95E+17,25,4.84
19829493,25,4.68
38783401,26,4.96
7.60E+17,26,4.77
6.43E+17,26,4.88
34303124,27,4.96
40183958,29,5
46419097,30,4.73
33198326,31,4.97
51070667,32,4.97
5.95E+17,32,4.72
14744997,32,4.83
48483204,33,4.39
16874804,34,4.68
7.42E+17,36,5
7.15E+17,36,4.97
48601162,39,4.59
47196271,42,4.74
47904846,42,4.6
48498771,42,4.64
17638871,42,4.93
48326333,43,4.35
18172755,43,4.79
19552660,44,4.93
13501642,45,4.93
17802334,48,4.96
6.36E+17,54,4.85
21185273,54,4.56
44666220,57,4.91
6.61E+17,58,4.91
34676985,58,4.98
48751974,58,4.6
51565005,58,4.88
41566665,58,4.69
5.96E+17,64,4.95
50012393,71,4.82
5.55E+17,71,4.73
24250678,82,4.73
21103562,86,4.92
36512982,87,4.77
36204632,90,4.94
45291574,94,4.95
38902013,94,4.97
48206931,97,4.54
8409891,109,4.81
49854819,110,4.8
5.94E+17,113,4.92
21578601,118,4.43
16215950,121,4.79
31016026,122,4.76
10173162,136,4.9
23004319,138,4.9
21475020,144,4.88
21520487,146,4.86
49198979,152,4.99
22690411,165,4.99
16514018,174,4.91
34473469,181,4.96
50438579,182,4.99
175608,188,4.3
40748525,191,4.9
39437109,224,4.95
23644899,238,4.88
27309215,239,4.93
5405966,247,4.85
3136813,272,4.71
11721962,285,4.95
10097934,300,4.75
23053269,311,4.42
24473622,315,4.89
11031641,330,4.92
5825904,333,4.63
22568357,349,4.95
22704423,383,4.9
33497636,396,4.78
33498604,407,4.82
1628328,433,4.92
18689667,601,4.89
6881600,635,4.84
32202044,1,4
16353039,1,5
32801568,1,3
8.84E+17,1,5
8.88E+17,1,5
6590621,1,5
50070189,1,4
7.47E+17,1,5
7.80E+17,1,5
12152164,1,5
6.93E+17,1,4
42430178,1,0
8.55E+17,1,5
8.63E+17,2,5
8.84E+17,2,5
8.84E+17,2,5
40712972,2,5
36791323,2,3
6.68E+17,2,4.5
8.94E+17,2,5
5.96E+17,2,5
16928186,2,5
6.69E+17,2,4.5
7.70E+17,2,4.5
6.68E+17,3,5
8.84E+17,4,5
8.85E+17,4,4.75
8.84E+17,4,5
8.19E+17,4,4.5
8.84E+17,4,5
48313254,4,4.5
23919462,4,5
6.49E+17,4,5
16490471,5,5
20945085,5,4.8
51134713,5,4.8
5.96E+17,5,4.8
12183872,5,5
8.85E+17,6,4.83
47952346,6,4
48950666,6,4
13513245,6,5
8.85E+17,7,4.71
8.85E+17,7,4.86
16999869,7,5
48764314,8,3.88
45740772,10,4.8
48498684,12,4.5
48882791,14,4.07
6.33E+17,17,4.82
48281550,17,4.29
6.80E+17,17,4.65
48420788,21,4.29
1813962,23,4.73
902573,23,4.74
17640610,23,5
47950478,24,4.63
50245979,26,4.38
23959984,26,4.68
48133696,29,4.69
47904079,32,4.63
50246179,34,4.35
7.28E+17,35,4.97
6.14E+17,35,4.89
48734193,36,4.39
29206059,37,4.92
5286261,38,4.94
20676811,38,4.77
46428174,39,4.82
44519337,40,4.55
6.85E+17,40,4.43
50137546,40,4.6
5.62E+17,41,4.85
5.89E+17,41,4.59
6.57E+17,42,4.88
44519348,42,4.86
48977323,42,4.31
50246239,43,4.6
50246213,44,4.57
15552175,45,4.98
48480619,45,4.76
51469358,50,4.6
5.96E+17,51,4.92
19864452,53,4.98
48752131,58,4.66
48602008,60,4.42
48238638,61,4.51
42490650,64,4.92
6.07E+17,68,5
28434873,69,4.25
48883039,79,4.54
50357674,79,4.8
16395494,84,4.93
39650278,92,4.67
20302745,96,4.98
13913758,99,4.88
48950835,102,4.65
52246295,103,4.83
50520639,107,4.91
48313097,109,4.64
30037580,110,5
9028780,112,4.87
47976480,114,4.87
23978671,118,4.55
7677038,119,4.92
43220779,123,4.72
5018679,129,4.83
48167321,133,4.92
3601131,147,4.77
18033653,160,4.88
23978800,161,4.62
31987896,162,4.59
290001,164,4.84
815855,164,4.22
42247870,168,4.92
50356183,173,4.91
26452635,181,4.86
40950787,184,4.41
30291498,210,4.86
23148309,227,4.7
30289153,240,4.88
30290466,246,4.78
19724962,248,4.81
24618350,252,4.78
12202079,260,4.97
33854482,270,4.95
12243205,277,4.92
1416138,286,4.78
20842924,294,4.78
34311072,314,4.97
5592949,339,4.85
33498856,372,4.78
24646004,395,4.95
4244705,406,4.84
1026034,435,4.94
20138171,573,4.84
5755232,618,4.92
7.11E+17,8,4.75
25628990,5,5
23936205,10,5
8.18E+17,13,4.77
12431578,11,4.6
54295605,38,4.82
47273654,3,4.67
29991611,3,5
46141540,5,4.6
25165298,1,5
8.84E+17,1,5
17509422,2,4.5
8.69E+17,3,4.33
23915943,5,4.8
39058403,7,5
23855155,8,4.88
8.03E+17,8,4.25
16379151,13,4.92
51625092,13,4.77
43923337,20,4.25
7.09E+17,22,4.91
39083672,23,4.91
16448459,29,4.97
44678950,34,4.85
5986989,61,4.8
6157551,219,4.48
8.32E+17,1,5
19507167,1,5
45223908,1,5
7.36E+17,1,5
7.11E+17,2,5
6.72E+17,2,4.5
8.37E+17,3,5
23558219,3,5
36067662,5,4.6
196429,7,4.2
6.67E+17,7,4.86
51510888,7,4.57
50364056,8,5
22516816,10,4.7
5.81E+17,22,4.95
40182964,30,4.3
37458898,32,4.94
31444864,32,4.87
24731528,50,4.88
4482916,54,4.31
4978586,58,4.79
26067478,60,4.8
54215403,86,4.99
51907544,90,4.51
48769123,104,4.82
13208131,117,4.62
32083321,134,4.68
16348636,137,4.94
201116,221,4.49
20217934,1,5
49627173,1,5
40632048,1,5
25910521,1,5
12026532,2,5
19912376,2,5
23686072,2,5
44088653,2,3.5
27199803,3,5
6.72E+17,4,2.25
22479866,4,5
42388653,5,4.8
40988436,5,4.8
20437419,6,4.67
37916753,6,5
22893510,7,4.86
53702742,7,5
7.70E+17,11,4.91
27570172,20,4.35
51887022,21,5
2111965,23,4.83
2547672,23,4.87
3851703,24,4.92
40171821,29,4.93
17107031,31,4.87
23959952,32,4.63
6.21E+17,33,4.88
7.26E+17,35,4.94
6128357,36,4.61
29189874,36,4.97
26995160,38,4.91
4033904,42,4.88
18265537,44,4.91
23670148,44,4.5
45516768,45,4.78
5.68E+17,51,4.63
11357292,53,4.65
46714908,61,4.39
7385563,72,4.77
50194682,75,4.95
21717185,86,4.87
18076615,88,4.99
155859,130,4.87
6956685,132,4.9
1978626,148,4.93
15755522,183,4.84
22712422,222,4.89
23791737,282,4.91
21730002,302,4.89
11838693,415,4.89
8353034,679,4.92
8.79E+17,9,4.89
5.56E+17,41,4.71
6.44E+17,1,5
8.78E+17,4,5
52041391,33,4.79
49690180,56,4.91
34748179,89,4.82
6.68E+17,1,5
8.54E+17,10,4.9
8.36E+17,12,4.67
5.48E+17,15,5
7.52E+17,21,4.71
52339597,26,4.65
5.95E+17,27,4.96
29594500,32,4.91
40489781,37,4.97
50154232,50,4.72
1003792,56,4.44
5.68E+17,58,4.93
1520425,75,4.77
6.25E+17,92,4.82
9168908,147,4.95
16312601,162,4.95
1177438,268,4.75
47491462,1,5
50676691,2,5
9.04E+17,3,5
17480877,3,5
46962264,3,5
7.96E+17,4,5
53205272,4,5
26124265,4,5
14083967,4,5
52593789,5,5
48699869,6,5
46451238,8,5
42451061,9,4.89
8.31E+17,12,4.83
7.78E+17,13,4.77
48702391,14,4.86
51963661,15,4.67
8.02E+17,19,5
7.93E+17,20,4.95
52912226,50,4.82
17926693,60,4.97
20651859,73,4.96
12535607,87,4.99
31306721,135,4.88
45916182,147,4.93
46935328,151,4.74
16462028,152,4.8
22833646,159,4.94
6746916,160,4.83
49790764,161,4.87
49792401,162,4.86
46937902,175,4.82
20604877,191,4.95
37185264,192,4.92
41352395,235,4.96
8964989,242,4.81
8.41E+17,1,2
8.62E+17,1,2
8.62E+17,1,5
8.03E+17,1,5
7.12E+17,1,5
8.41E+17,1,5
6.95E+17,1,5
15494076,1,5
8.41E+17,2,3
8.87E+17,2,5
15419652,2,5
8.21E+17,2,5
8.94E+17,2,5
8.21E+17,3,4.33
1750913,3,5
42645490,3,5
18408563,3,5
8.84E+17,4,5
8.21E+17,6,4.83
7.60E+17,8,4.5
8.42E+17,8,4.75
31066028,8,5
8.49E+17,8,4.75
7.62E+17,9,3.89
6.59E+17,11,4.45
53067586,14,5
27281,15,4.77
16693813,15,5
8.31E+17,16,4.56
6.19E+17,16,4.69
18109324,19,4.83
8.06E+17,20,4.8
6.40E+17,21,4.29
53557947,27,4.93
14447623,28,4.96
6.14E+17,33,4.27
6.13E+17,33,3.64
13683939,33,4.94
16478043,35,4.24
20299513,36,4.77
52533356,40,4.9
41718233,40,4.13
42039308,40,4.83
49532596,44,4.77
34913078,44,4.8
41718261,48,4.65
6.45E+17,49,4.96
46298082,50,4.12
53494834,51,4.8
19311563,54,4.85
42939091,56,5
3789313,60,4.6
6.41E+17,62,4.98
20850507,71,4.56
54230875,72,4.83
6.78E+17,74,4.96
48431239,79,4.92
18544136,80,4.75
45185261,82,4.88
19329377,85,4.46
28028316,87,4.97
10574467,89,4.97
5834173,89,4.96
7.26E+17,90,4.4
47802409,104,4.85
49932041,108,4.96
33167831,113,4.92
34737822,115,4.95
20850591,118,4.5
48134650,118,4.61
36940209,121,4.9
20850080,123,4.67
51489662,125,4.91
47344011,129,4.68
26004413,134,4.78
20850266,138,4.69
16634181,143,4.76
42879511,147,4.81
2098615,151,4.85
50111565,160,4.91
25580143,179,4.64
45648413,180,4.95
51816428,186,4.9
43341208,186,4.73
10384001,189,4.78
42834842,189,4.74
8967038,214,4.94
4616068,233,4.74
8965848,245,4.87
22308082,254,4.78
5862637,262,4.85
39388806,292,4.92
23997894,330,4.9
13112085,567,4.76
46987837,1,5
16242339,1,5
40394019,1,5
50065710,1,5
7.02E+17,1,5
46469835,1,5
7.83E+17,1,1
322611,1,0
8.97E+17,1,5
6.91E+17,1,5
9.02E+17,1,5
6.04E+17,2,5
9.10E+17,2,5
7.29E+17,2,5
8.17E+17,2,4.5
8.17E+17,2,3
24679376,2,5
8.84E+17,3,5
7.78E+17,3,4
8.69E+17,3,5
31290549,4,3.33
18432474,4,5
48698210,4,5
27930601,4,4.25
7.13E+17,4,5
49254495,5,5
8.56E+17,5,4.8
46626850,5,5
6.45E+17,6,4.83
8811756,6,5
16545176,6,5
22553714,6,5
19458263,6,5
43401597,7,4.86
7.51E+17,7,4.14
8.17E+17,7,4
31824034,7,3.6
48656829,7,4.57
33455792,7,5
37945689,7,4.86
28030381,7,4.71
8.21E+17,8,4.5
14563049,9,4.75
8.17E+17,10,4.6
7.27E+17,10,4.7
33376779,10,4.9
34777844,12,5
48701419,12,4.83
18755044,13,5
8.62E+17,13,4.85
10429628,13,4.92
8.62E+17,14,4.93
22508080,14,5
41195183,15,4.93
7.80E+17,15,5
8.19E+17,16,4.94
20212862,16,4.88
6.12E+17,17,3.24
8.17E+17,17,4.41
6.85E+17,18,4.94
8.15E+17,18,5
16839227,19,4.95
34144445,20,4.8
7.86E+17,22,4.27
6.48E+17,22,4.95
21879862,25,4.84
43246407,26,5
7.33E+17,27,5
16781108,29,4.97
34776723,29,4.79
54229496,29,4.93
43078743,31,5
46377589,31,4.84
6.39E+17,33,5
5660850,35,4.97
38403632,35,4.74
3544432,36,4.74
46372366,36,4.64
46926304,37,4.73
7.21E+17,38,4.92
51893946,39,4.79
27543541,40,4.98
28737073,42,4.95
34665045,42,4.86
50402684,44,4.93
5.59E+17,45,4.87
6.04E+17,46,4.87
6.60E+17,49,4.94
40303292,50,4.68
6.99E+17,52,5
37850686,52,4.52
26192482,57,4.77
49126659,62,4.97
5030765,66,4.89
45524192,68,4.87
48428931,68,4.82
9329121,69,4.77
32421507,69,4.91
12494558,70,4.97
13529372,72,4.86
52669060,72,4.74
44683319,74,4.85
5.83E+17,76,4.97
22718758,78,4.95
40347895,79,4.84
28273187,82,4.9
40152598,84,4.95
5.51E+17,86,4.94
40058973,90,4.49
30989473,92,4.91
18105893,96,4.88
37593687,97,4.9
41558012,99,4.97
53109555,102,4.9
20779267,106,4.74
49029925,106,4.96
36176762,111,4.91
31239154,113,5
51128245,122,5
42073006,122,4.95
44120058,124,4.87
1824864,125,4.92
16764417,126,4.61
40501907,130,4.98
19038305,130,5
29082809,131,4.69
48694746,134,4.89
53415476,140,4.96
19953017,141,4.96
8190920,143,4.86
48216250,144,4.9
19070844,144,4.81
14236884,151,4.42
18142381,152,4.53
51944798,154,4.92
14357248,158,4.96
49737027,159,4.91
37800391,165,4.96
24160728,170,4.73
36694782,172,4.91
9282899,181,4.74
16738134,184,4.98
15720606,184,4.91
18914687,185,4.67
49160564,188,4.89
44119904,188,4.9
1901631,191,4.91
45191510,192,5
34421531,197,4.78
43286567,199,4.94
41028528,205,4.86
15080581,211,4.98
11865642,216,4.89
19500901,217,4.8
23101507,240,4.78
8608311,246,4.93
27546981,247,4.84
18096306,249,4.87
21106596,249,4.86
15343221,251,4.78
10542403,261,4.97
21368941,265,4.99
15958616,268,4.71
8809662,278,4.75
25280093,280,4.84
23724012,287,4.91
23780677,304,4.85
7020322,315,4.8
25502416,329,4.74
1613892,350,4.77
4552932,356,4.95
2343987,441,4.76
38698346,457,4.86
16284824,485,4.93
13578244,496,4.94
16381317,541,4.93
51767925,1,1
16633159,1,5
43069039,1,4
7.90E+17,1,4
8.99E+17,1,5
34624526,1,1
37336048,1,4
43517424,1,5
8.19E+17,1,5
52254140,2,5
21748348,2,5
39191601,2,5
8.98E+17,2,5
8.16E+17,2,5
30108431,2,5
45220778,2,5
23274279,2,5
32654680,2,5
47276607,3,5
19893878,3,5
39623149,3,4
6.50E+17,4,5
41370307,4,5
8.49E+17,5,4.6
8.84E+17,5,5
5.85E+17,5,5
15615256,5,4.8
28440877,6,4.33
15132389,6,4.83
53843317,7,4.86
8.85E+17,7,4.71
16613766,8,4.75
8.69E+17,8,4.75
16688529,8,4.88
5.72E+17,9,4.33
46618297,9,4.89
41078150,9,4.89
10660007,9,4.22
2137730,9,4.78
8.84E+17,10,5
41861613,10,5
39009137,29,4.59
6.89E+17,30,4.67
33907708,31,4.81
5.79E+17,31,4.48
7.39E+17,32,4.94
6.39E+17,33,4.06
28282457,33,4.52
26002321,34,4.82
44517251,34,4.91
21998156,34,4.91
52861899,36,4.86
11455321,38,4.97
54376409,39,4.54
27573552,41,4.83
5.91E+17,43,4.86
19768378,48,4.98
6.40E+17,49,3.94
7.28E+17,50,5
19841607,51,4.94
30914797,52,4.96
46048577,53,4.98
4574014,53,4.87
26130196,55,4.91
19699547,60,4.88
27929757,62,4.87
26686977,64,4.55
23560608,69,4.9
35679103,73,4.79
6.05E+17,75,4.96
46338150,84,4.95
50187006,85,4.74
50679919,87,4.86
12885229,90,4.84
29128073,90,4.99
3199232,91,4.96
5030785,93,4.88
48888669,94,4.96
13641373,94,4.99
8846542,94,4.96
10860997,98,4.96
21012348,104,4.59
15981013,104,4.87
16518770,106,4.93
24161482,106,5
21422900,106,4.87
52365042,114,4.98
28869341,116,4.91
11413391,116,4.56
32361612,123,4.76
48502935,127,4.99
5111311,134,4.8
52636090,138,4.93
28786757,147,4.88
29002608,158,4.7
14236545,158,4.4
39356964,159,4.91
25605861,159,4.95
22416682,372,4.94
13802779,395,4.91
16629472,418,4.84
4922023,422,4.91
9854986,479,4.9
16380562,484,4.93
5132940,533,4.86
17231793,534,4.93
15014312,542,4.81
748316,723,4.87
453315,917,4.88
7990478,370,4.91
41611678,4,4
8550351,163,4.95
46004444,8,4.75
6.47E+17,21,5
16815528,101,4.99
54274637,75,4.96
39652312,87,4.75
898543,168,4.91
21473043,191,4.68
21088019,208,4.79
47467694,1,5
38013091,1,3
42811670,1,1
32182670,2,3.5
8.84E+17,2,5
37179241,2,5
8125413,3,4.67
8.84E+17,4,3
43957570,6,4.17
42811750,6,4.17
16830544,21,4.89
28778293,24,4.57
4943572,26,4.88
24633318,46,4.93
52406870,52,4.58
8118612,54,4.91
5.74E+17,63,4.6
6.00E+17,67,4.9
16732639,76,4.99
14258587,102,4.82
38184618,130,4.68
17639543,134,4.78
8309843,168,4.92
35578850,196,4.35
15194332,231,4.73
18330823,290,4.68
11868093,360,4.78
